Anglo Continental	Bournemouth	UK	Homestay	Homestay	Single	Shared	HB	205	80	0	16	30	75	20/06/2026	08/08/2026							
Anglo Continental	Bournemouth	UK	Homestay	Homestay	Twin	Shared	HB	205	80	0	16	0	75	20/06/2026	08/08/2026							
Anglo Continental	Bournemouth	UK	Homestay	Homestay	Single	Private	HB	260	80	0	18	30	75	20/06/2026	08/08/2026							
Anglo Continental	Bournemouth	UK	Homestay	Homestay	Single	Shared	SC	190	80	0	18	0	75	20/06/2026	08/08/2026							
Anglo Continental	Bournemouth	UK	Residence	Skyline Residence	Single	Private	SC	200	190	0	18	0										
Anglo Continental	Bournemouth	UK	Residence	Oxford Point Residence	Single	Private	SC	225	190	0	18	0										
ATLAS Language School	Dublin	IE	Homestay	Homestay	Single	Shared	HB	295	75	0	16	0	40	13/06/2026	05/09/2026	50	19/12/2026	02/01/2027				
ATLAS Language School	Dublin	IE	Homestay	Homestay	Single	Shared	SC	270	75	0	16	0	40	13/06/2026	06/09/2026	50	19/12/2026	02/01/2027				
ATLAS Language School	Dublin	IE	Residence	Atlas Rathmines	Single	Private	HB	395	75	0	16	0										
ATLAS Language School	Dublin	IE	Residence	Atlas Rathmines	Twin	Private	HB	395	75	0	16	0										
ATLAS Language School	Liverpool	UK	Homestay	Homestay	Single	Shared	HB	210	35	0	16	0	30	06/06/2026	06/09/2026	40	19/12/2026	02/01/2027				
ATLAS Language School	Liverpool	UK	Homestay	Homestay	Single	Shared	FB	230	35	0	16	0	30	06/06/2026	06/09/2026	40	19/12/2026	02/01/2027				
ATLAS Language School	Liverpool	UK	Residence	Moorfield Residence	Single	Private	SC	195	35	0	16	0	30	06/06/2026	06/09/2026							
ATLAS Language School	Liverpool	UK	Residence	Moorfield Residence Premium	Single	Private	SC	205	35	0	16	0	30	06/06/2026	06/09/2026							
ATLAS Language School	Malta	MT	Homestay	Homestay	Single	Shared	HB	350	75	100	16	30	50	13/06/2026	06/09/2026	50	20/12/2026	02/01/2027				
ATLAS Language School	Malta	MT	Furnished Apartment	Apartment	Single	Shared	SC	390	75	100	18	30	50	13/06/2026	06/09/2026							
ATLAS Language School	Malta	MT	Furnished Apartment	Apartment	Single	Private	SC	490	75	100	18	30	50	13/06/2026	06/09/2026							
ATLAS Language School	Malta	MT	Furnished Apartment	Apartment	Twin	Shared	SC	220	75	100	18	30	50	13/06/2026	06/09/2026							
ATLAS Language School	Malta	MT	Furnished Apartment	Apartment	Twin	Private	SC	290	75	100	18	30	50	13/06/2026	06/09/2026							
Future Learning Language School	Dublin	IE	Homestay	Homestay	Single	Shared	HB	265	75	0	18	0	30	31/05/2026	30/09/2026							
Future Learning Language School	Dublin	IE	Homestay	Homestay	Twin	Shared	HB	245	75	0	18	0	30	31/05/2026	30/09/2026							
Future Learning Language School	Athlone	IE	Homestay	Homestay	Single	Shared	HB	240	75	0	18	0	30	31/05/2026	30/09/2026							
Future Learning Language School	Athlone	IE	Homestay	Homestay	Twin	Shared	HB	220	75	0	18	0	30	31/05/2026	30/09/2026							
NCG New College Group	Manchester	UK	Homestay	Homestay	Single	Shared	HB	240	75	0	16	35	35	31/05/2026	30/08/2026	60	20/12/2026	27/12/2026				
NCG New College Group	Manchester	UK	Homestay	Homestay	Twin	Shared	HB	210	75	0	16	35	35	31/05/2026	30/08/2026	60						
NCG New College Group	Manchester	UK	Residence	City Centre Residential halls	Single	Private	SC	180	75	0	16	35	35	31/05/2026	30/08/2026	60						
NCG New College Group	Manchester	UK	Studio 	Studio Accommodation	Single	Private	SC	280	75	0	16	35	35	31/05/2026	30/08/2026	60						
NCG New College Group	Liverpool	UK	Homestay	Homestay	Single	Shared	HB	240	75	0	16	35	35	31/05/2026	30/08/2026	60						
NCG New College Group	Liverpool	UK	Homestay	Homestay	Twin	Shared	HB	210	75	0	16	35	35	31/05/2026	30/08/2026	60						
NCG New College Group	Liverpool	UK	Homestay	Homestay	Single	Private	HB	280	75	0	16	35	35	31/05/2026	30/08/2026	60						
NCG New College Group	Liverpool	UK	Residence	City Centre Residential halls	Single	Private	SC	290	75	0	16	35	35	31/05/2026	30/08/2026	60						
Bright School Of English	Bournemouth 	UK	Homestay	Homestay Single Room	Single	Shared	HB	210	0	0	16	0	60	01/06/2026	31/08/2026							
Bright School Of English	Bournemouth 	UK	Homestay	Homestay Twin Room	Twin	Shared	HB	200	0	0	16	0	30	01/06/2026	31/08/2026							
Bright School Of English	Bournemouth 	UK	Residence	Residence Single Room	Single	Private	SC	250	0	150	18	0							Academic year  	100	06/09/2026	31/12/2026
LSI	London	UK	Homestay	Homestay	Single	Shared	HB	265	0	0	16	20	40	21/06/2026	30/08/2026	55	20/12/2026	27/12/2026				
LSI	London	UK	Homestay	Homestay	Twin	Shared	HB	245	0	0	16	20	40	21/06/2026	30/08/2026	55	20/12/2026	27/12/2026				
LSI	London	UK	Homestay	Homestay	Single	Private	HB	355	0	0	16	20	40	21/06/2026	30/08/2026	55	20/12/2026	27/12/2026				
LSI	London	UK	Homestay	Homestay	Twin	Private	HB	335	0	0	16	20	40	21/06/2026	30/08/2026	55	20/12/2026	27/12/2026				
LSI	London	UK	Residence	Canvas Walthamstow Residence	Single	Private	SC	420	20	0	16											
LSI	London	UK	Residence	UCL Residence	Single	Shared	HB	570	0	0	16								Academic year  	100	09/08/2026	31/12/2026
LSI	London	UK	Flat Share	Flat share Tottenham Hale	Single	Shared	HB	330	0	0	18											
LSI	Brighton	UK	Homestay	Homestay	Single	Shared	HB	235	0	0	16	20	40	21/06/2026	30/08/2026	55	20/12/2026	27/12/2026				
LSI	Brighton	UK	Homestay	Homestay	Twin	Shared	HB	205	0	0	16	30	40	21/06/2026	30/08/2026	55	20/12/2026	27/12/2026				
LSI	Brighton	UK	Residence	Portland 55 - on-site residence	Single	Private	HB	300	0	0			40	14/07/2026	23/08/2026							
LSI	Brighton	UK	Residence	Portland 55 - on-site residence	Twin	Private	HB	275	0	0			40	14/07/2026	23/08/2026							
LSI	Brighton	UK	Student House	Mountford Student House	Single	Shared	HB	300	0	0			40	14/07/2026	23/08/2026							
LSI	Brighton	UK	Student House	Mountford Student House	Twin	Shared	HB	275	0	0			40	14/07/2026	23/08/2026							
LSI	Cambridge	UK	Homestay	Homestay	Single	Shared	HB	255	0	0	16	20	45	21/06/2026	30/08/2026	55	20/12/2026	27/12/2026				
LSI	Cambridge	UK	Homestay	Homestay	Twin	Shared	HB	220	0	0	16	20	45	21/06/2026	30/08/2026	55	20/12/2026	27/12/2026				
LSI	Cambridge	UK	Residence	The Willows	Single	Shared	SC	280	0	0												
LSI	Cambridge	UK	Residence	The Willows	Single	Private	SC	330	0	0												
LSI	Cambridge	UK	Residence	The Willows	Studio	Private	SC	375	0	0												
LSI	Cambridge	UK	Residence	Abbey College	Single	Private	HB	420	0	0	16								Academic year  	100	09/08/2026	31/12/2026
LSI	New York	US	Homestay	Homestay 	Single	Shared	HB	490	160	0	16	20	40	14/06/2026	23/08/2026	60	20/12/2026	2/1/2027				
LSI	New York	US	Homestay	Homestay 	Twin	Shared	HB	450	160	0	16	20	40	14/06/2026	23/08/2026	60	20/12/2026	2/1/2027				
LSI	Berkeley	US	Homestay	Homestay	Single	Shared	HB	405	160	0	16	20	40	14/06/2026	23/08/2026	60	20/12/2026	2/1/2027				
LSI	Berkeley	US	Homestay	Homestay	Twin	Shared	HB	365	160	0	16	20	40	14/06/2026	23/08/2026	60	20/12/2026	2/1/2027				
LSI	Berkeley	US	Residence	Downtown Berkeley - YMCA	Single	Shared	HB	385	150	0												
LSI	San Diego	US	Homestay	Homestay	Single	Shared	HB	390	160	0	16	20	40	14/06/2026	23/08/2026	60	20/12/2026	2/1/2027				
LSI	San Diego	US	Homestay	Homestay	Twin	Shared	HB	350	160	0	16	20	40	14/06/2026	23/08/2026	60	20/12/2026	2/1/2027				
LSI	Boston	US	Homestay	Homestay	Single	Shared	HB	395	160	0	16	20	40	14/06/2026	23/08/2026	60	20/12/2026	2/1/2027				
LSI	Boston	US	Homestay	Homestay	Twin	Shared	HB	355	160	0	16	20	40	14/06/2026	23/08/2026	60	20/12/2026	2/1/2027				
LSI	Boston	US	Studio 	ESL Townhouse	Studio	Private	SC	730	160	0												
LSI	Toronto	CA	Homestay	Homestay	Single	Shared	HB	310	230	0	16	15	40	14/06/2026	23/08/2026	55	20/12/2026	2/1/2027				
LSI	Toronto	CA	Homestay	Homestay	Twin	Shared	HB	285	230	0	16	15	40	14/06/2026	23/08/2026	55	20/12/2026	2/1/2027				
LSI	Toronto	CA	Residence	Toronto Metropolitan University	Single	Private	HB	605	160	0									Academic year  	100	09/08/2026	31/12/2026
LSI	Toronto	CA	Residence	Casa Residences	Single	Shared	HB	490	280	0												
LSI	Toronto	CA	Residence	Casa Residences	Twin	Shared	HB	390	280	0												
LSI	Vancouver	CA	Homestay	Homestay	Single	Shared	HB	310	230	0	16	15	40	14/06/2026	23/08/2026	55	20/12/2026	2/1/2027				
LSI	Vancouver	CA	Homestay	Homestay	Twin	Shared	HB	285	230	0	16	15	40	14/06/2026	23/08/2026	55	20/12/2026	2/1/2027				
LSI	Vancouver	CA	Residence	Hotel Willo	Single	Shared	HB	830	230	0			130	14/06/2026	23/08/2026							
LSI	Vancouver	CA	Residence	Hotel Willo	Twin	Private	HB	620	230	0			130	14/06/2026	23/08/2026							
LSI	Auckland	NZ	Homestay	Homestay	Single	Shared	HB	410	330	100	14	20				90	20/12/2026	2/1/2027				
LSI	Auckland	NZ	Homestay	Homestay	Twin	Shared	HB	410	330	100	14	20				90	20/12/2026	2/1/2027				
LSI	Auckland	NZ	Residence	YMCA	Single	Shared	SC	505	330	0												
LSI	Auckland	NZ	Residence	YMCA	Twin	Shared	SC	320	330	0												
LSI	Auckland	NZ	Studio 	Park Towers	Studio	Private	SC	335	430	0												
LSI	Brisbane	AU	Homestay	Homestay	Single	Shared	HB	410	300	0	16	105										
LSI	Brisbane	AU	Homestay	Homestay	Twin	Shared	HB	405	300	0	16	105										
LSI	Brisbane	AU	Student House	Adalong Student Guesthouse	Single	Shared	HB	300	300	0												
LSI	Paris	FR	Homestay	Homestay	Single	Shared	HB	420	115	0	16	0										
LSI	Paris	FR	Homestay	Homestay	Twin	Shared	HB	375	115	0	16	0										
LSI	Zurich	CH	Homestay	Homestay 	Single	Shared	HB	470	135	0	16	0										
LSI	Zurich	CH	Homestay	Homestay	Twin	Shared	HB	365	135	0	16	0										
LSI	Zurich	CH	Residence	Maximilianeum 13	Single	Private	SC	630	135	0												
Central Language School	Cambridge	UK	Homestay	Homestay 	Single	Shared	HB	215	60													
Central Language School	Cambridge	UK	Homestay	Homestay 	Single	Shared	SC	160	60													
Inlingua 	Cheltenham	UK	Homestay	Homestay 	Single	Shared	HB	215	40	0	16	0	25	28/06/2026	29/08/2026	50	19/12/2026	09/01/2027				
Inlingua 	Cheltenham	UK	Homestay	Homestay 	Single	Private	HB	265	40	0	16	0	25	28/06/2026	29/08/2026	50	19/12/2026	09/01/2027				
Inlingua 	Cheltenham	UK	Homestay	Homestay 	Single	Shared	FB	240	40	0	16	0	25	28/06/2026	29/08/2026	50	19/12/2026	09/01/2027				
Inlingua 	Cheltenham	UK	Homestay	Homestay 	Single	Private	FB	290	40	0	16	0	25	28/06/2026	29/08/2026	50	19/12/2026	09/01/2027				
Kings Hall College	Manchester	UK	Homestay	Homestay 	Single	Shared	SC	170	70	0	16	30	30	13/06/2026	15/08/2026							
Kings Hall College	Manchester	UK	Homestay	Homestay 	Twin	Shared	HB	190	70	0	16	30	30	13/06/2026	15/08/2026							
Kings Hall College	Manchester	UK	Homestay	Homestay 	Single	Shared	HB	210	70	0	16	30	30	13/06/2026	15/08/2026							
Kings Hall College	Manchester	UK	Homestay	Homestay 	Single	Private	FB	280	70	0	16	30	30	13/06/2026	15/08/2026							
Kings Hall College	Manchester	UK	Residence	Residence	Single	Private	SC	290	70	0	16	30	30	13/06/2026	15/08/2026							
Lewis School of English	Southampton	UK	Homestay	Regular Homestay	Single	Shared	HB	190	0	0	16	0	20	20/06/2026	01/08/2026							
Lewis School of English	Southampton	UK	Homestay	Regular Homestay	Single	Shared	FB	210	0	0	16	0	20	20/06/2026	01/08/2026							
Lewis School of English	Southampton	UK	Homestay	Executive Homestay	Single	Private	HB	236	0	0	16	0	20	20/06/2026	01/08/2026							
Lewis School of English	Southampton	UK	Homestay	Executive Homestay	Single	Private	FB	256	0	0	16	0	20	20/06/2026	01/08/2026							
Lewis School of English	Southampton	UK	Residence	Single En-suite Room	Single	Private	SC	190	0	0	18	0										
Lewis School of English	Southampton	UK	Studio 	Austen House 1 Person	Studio	Private	SC	215	0	0	18	0										
Lewis School of English	Southampton	UK	Studio 	Crescent House 1 Person	Studio	Private	SC	225	0	0	18	0										
Lewis School of English	Southampton	UK	Studio 	Austen House 2 Person	Studio	Private	SC	250	0	0	18	0										
Lewis School of English	Southampton	UK	Studio 	Crescent House 2 Person	Studio	Private	SC	260	0	0	18	0										
Bayswater	London	UK	Homestay	Single Room Zone 4-5	Single	Shared	HB	270	50	0	16	20	30	21/06/2026	22/08/2026	50	20/12/2026	27/12/2026				
Bayswater	London	UK	Homestay	Twin Room Zone 4-5 	Twin	Shared	HB	260	50	0	16	20	30	21/06/2026	22/08/2026	50	20/12/2026	27/12/2026				
Bayswater	London	UK	Homestay	Single Room Zone 3	Single	Shared	HB	290	50	0	16	20	30	21/06/2026	22/08/2026	50	20/12/2026	27/12/2026				
Bayswater	London	UK	Homestay	Twin Room Zone 3	Twin	Shared	HB	280	50	0	16	20	30	21/06/2026	22/08/2026	50	20/12/2026	27/12/2026				
Bayswater	London	UK	Homestay	Single Room Zone 2	Single	Shared	HB	300	50	0	16	20	30	21/06/2026	22/08/2026	50	20/12/2026	27/12/2026				
Bayswater	London	UK	Homestay	Twin Room Zone 2	Twin	Shared	HB	290	50	0	16	20	30	21/06/2026	22/08/2026	50	20/12/2026	27/12/2026				
Bayswater	London	UK	Residence	Standard Single Studio Zone 1 -2	Single	Private	SC	460	50	0	18											
Bayswater	London	UK	Residence	Premium Single Studio Zone 1- 4	Single	Private	SC	595	50	0	18											
Bayswater	Liverpool	UK	Homestay	Homestay Single Room	Single	Shared	HB	200	50	0	16	20	30	21/06/2026	22/08/2026	50	20/12/2026	27/12/2026				
Bayswater	Liverpool	UK	Homestay	Homestay Twin Room 	Twin	Shared	HB	190	50	0	16	20	30	21/06/2026	22/08/2026	50	20/12/2026	27/12/2026				
Bayswater	Liverpool	UK	Residence	Standard Single En suite	Single	Private	SC	175	50	0	18											
Bayswater	Liverpool	UK	Residence	Premium Single En suite	Single	Private	SC	205	50	0	18											
Bayswater	Liverpool	UK	Studio 	Premium Studio 	Single	Private	SC	265	50	0	18											
Bayswater	Brighton	UK	Homestay	Homestay Single Room	Single	Shared	HB	210	50	0	16	20	30	21/06/2026	22/08/2026	50	20/12/2026	27/12/2026				
Bayswater	Brighton	UK	Homestay	Homestay Twin Room 	Twin	Shared	HB	190	50	0	16	20	30	21/06/2026	22/08/2026	50	20/12/2026	27/12/2026				
Bayswater	Brighton	UK	Residence	Standard Single En suite	Single	Private	SC	350	50	0	18											
Bayswater	Brighton	UK	Residence	Standard Single En suite (Summer only)	Single	Private	SC	350	50	0	18											
Bayswater	Brighton	UK	Residence	Budget Single En Suite 	Single	Private	SC	275	50	0	18											
Bayswater	Brighton	UK	Studio 	Premium Studio 	Single	Private	SC	350	50	0	18											
Bayswater	Bournemouth	UK	Homestay	Homestay Single Room	Single	Shared	HB	190	50	0	16	20	30	21/06/2026	22/08/2026	50	20/12/2026	27/12/2026				
Bayswater	Bournemouth	UK	Homestay	Homestay Twin Room 	Twin	Shared	HB	170	50	0	16	20	30	21/06/2026	22/08/2026	50	20/12/2026	27/12/2026				
Bayswater	Bournemouth	UK	Residence	Standard Single En suite	Single	Private	SC	175	50	0	18											
Bayswater	Bournemouth	UK	Residence	Premium Single En suite	Single	Private	SC	275	50	0	18											
Bayswater	Bournemouth	UK	Residence	Standard Single En suite (Summer only)	Single	Private	HB	445	50	0	16											
Bayswater	Leeds	UK																				
Bayswater	Vancouver	CA																				
Bayswater	Toronto	CA																				
Bayswater	Calgary	CA																				
Bayswater	Pairs	FR																				
Bayswater	Cape Town	ZA																				
Bayswater	Limassol	CY																				
Stafford House	London	UK	Homestay	Homestay	Single	Shared	HB	270	70	0	16	0	25	27/06/2026	15/08/2026	50	19/12/2026	26/12/2026				
Stafford House	London	UK	Homestay	Homestay	Twin	Shared	HB	255	70	0	16	0	25	27/06/2026	15/08/2026	50	19/12/2026	26/12/2026				
Stafford House	London	UK	Homestay	Homestay	Single	Shared	SC	250	70	0	18	0	25	27/06/2026	15/08/2026	50	19/12/2026	26/12/2026				
Stafford House	London	UK	Homestay	Homestay	Twin	Shared	SC	235	70	0	18	0	25	27/06/2026	15/08/2026	50	19/12/2026	26/12/2026				
Stafford House	London	UK	Homestay	Superior Homestay	Single	Private	HB	325	70	0	16	0	25	27/06/2026	15/08/2026	50	19/12/2026	26/12/2026				
Stafford House	London	UK	Homestay	Superior Homestay	Single	Private	SC	305	70	0	18	0	25	27/06/2026	15/08/2026	50	19/12/2026	26/12/2026				
Stafford House	London	UK	Residence	Standered  Residence 	Single	Private	SC	380	70	0	18	0	25	27/06/2026	01/08/2026							
Stafford House	London	UK	Studio 	"Premium Residence Studio
Camden"	Studio	Private	SC	470	70	0	18	0	25	27/06/2026	01/08/2026							
Stafford House	London	UK	Studio 	"Premium Residence Studio
Camden"	Studio	Private	SC	325	70	0	18	0	25	27/06/2026	01/08/2026							
Stafford House	London	UK	Studio 	"Premium Residence Studio West
London"	Studio	Private	SC	425	70	0	18	0	25	27/06/2026	01/08/2026							
Stafford House	London	UK	Residence	U18's Summer Residence	Single	Private	FB	515	70	0	16	0							Academic Year	100	05/09/2026	26/12/2026
Stafford House	London	UK	Residence	U18's Summer Residence	Twin	Private	FB	515	70	0	16	0							Academic Year	100	05/09/2026	26/12/2026
Stafford House	London	UK	Residence	Standard Summer Residence	Single	Private	SC	410	70	0	18	0							Academic Year	100	05/09/2026	26/12/2026
Stafford House	Cambridge	UK	Homestay	Homestay	Single	Shared	HB	245	70	0	16	0	25	27/06/2026	15/08/2026	50	19/12/2026	26/12/2026				
Stafford House	Cambridge	UK	Homestay	Homestay	Twin	Shared	HB	215	70	0	16	0	25	27/06/2026	15/08/2026	50	19/12/2026	26/12/2026				
Stafford House	Cambridge	UK	Homestay	Superior Homestay	Single	Private	HB	330	70	0	16	0	25	27/06/2026	15/08/2026	50	19/12/2026	26/12/2026				
Stafford House	Cambridge	UK	Residence	Stafford House Residence	Single	Private	SC	260	70	0	18	0	25	27/06/2026	01/08/2026							
Stafford House	Cambridge	UK	Residence	Standard Summer Residence	Single	Private	SC	285	70	0	18	0							Academic Year	100	05/09/2026	26/12/2026
Stafford House	Cambridge	UK	Residence	U18's Summer Residence	Single	Private	FB	380	70	0	16	0							Academic Year	100	05/09/2026	26/12/2026
Stafford House	Canterbury	UK	Homestay	Homestay	Single	Shared	HB	240	70	0	16	0	25	27/06/2026	15/08/2026	50	19/12/2026	26/12/2026				
Stafford House	Canterbury	UK	Homestay	Homestay	Twin	Shared	HB	215	70	0	16	0	25	27/06/2026	15/08/2026	50	19/12/2026	26/12/2026				
Stafford House	Canterbury	UK	Residence	Stafford House Residence	Single	Private	SC	240	70	0	18	0	25	27/06/2026	01/08/2026							
Stafford House	Canterbury	UK	Residence	Summer Residence	Single	Private	FB	335	70	0	18	0							Academic Year	100	05/09/2026	26/12/2026
Stafford House	Canterbury	UK	Residence	U18's Summer Residence	Single	Private	FB	335	70	0	16	0							Academic Year	100	05/09/2026	26/12/2026
Stafford House	Canterbury	UK	Residence	U18's Summer Residence	Twin	Private	FB	320	70	0	16	0							Academic Year	100	05/09/2026	26/12/2026
Eurospeak Language School 	Southampton 	UK	Homestay	Homestay Accommodation	Single	Shared	HB	205	60	0	18	0										
Eurospeak Language School	Reading	UK	Homestay	Homestay Accommodation	Single	Shared	HB	300	60	0	18	0										
Eurospeak Language School	Reading	UK	Homestay	Homestay Accommodation	Twin	Shared	HB	280	60	0	18	0										
Regent 	London	UK	Homestay	Homestay Accommodation	Single	Shared	HB	540	0	0	16	0										
Regent 	London	UK	Homestay	Homestay Accommodation	Single	Private	HB	660	0	0	16	0										
Southbourne School of English	Bournemouth	UK	Homestay	LS part board homestay	Single	Shared	HB	180	120	0	16	0	35	27/06/2026	22/08/2026	80	19/12/2026	02/01/2027				
Southbourne School of English	Bournemouth	UK	Homestay	LS full board homestay	Single	Shared	FB	210	120	0	15	0				80	19/12/2026	02/01/2027				
The Essential English Centre	Manchester 	UK	Homestay	Homestay Half Board Standard	Single	Shared	HB	200	50	0	16		30	06/06/2026	29/08/2026	50	19/12/2026	02/01/2027				
The Essential English Centre	Manchester 	UK	Homestay	Homestay Half Board Private	Single	Private	HB	260	50	0	16		30	06/06/2026	29/08/2026	50	19/12/2026	02/01/2027				
The Essential English Centre	Manchester 	UK	Homestay	Homestay Shared Room	Twin	Shared	HB	180	50	0	16		30	06/06/2026	29/08/2026	50	19/12/2026	02/01/2027				
The Essential English Centre	Manchester 	UK	Residence	Budget Residence	Single	Private	SC	200	50	0	18	30	30	06/06/2026	29/08/2026	50	19/12/2026	02/01/2027	Academic Year	100		
The Essential English Centre	Manchester 	UK	Residence	Standard Residence	Single	Private	SC	270	50	0	18	30	30	06/06/2026	29/08/2026	50	19/12/2026	02/01/2027				
The Essential English Centre	Manchester 	UK	Studio 	Budget Studio 	Single	Private	SC	300	50	0	18	30	30	06/06/2026	29/08/2026	50	19/12/2026	02/01/2027				
The Essential English Centre	Manchester 	UK	Studio 	Luxury Studio 	Single	Private	SC	500	50	0	18	30	30	06/06/2026	29/08/2026	50	19/12/2026	02/01/2027				
The Essential English Centre	Manchester 	UK	Studio 	Luxury 1Bed 	Single	Private	SC	550	50	0	18	30	30	06/06/2026	29/08/2026	50	19/12/2026	02/01/2027				
Suzanne Sparrow Plymouth Language School	Plymouth	UK	Homestay	Homestay	Single	Shared	FB	280	0	0	16	0	0			0						
Studio Cambridge	Cambridge	UK	Homestay	Standard single half-board	Single	Shared	HB	238	0	0	16	0	0			0						
Studio Cambridge	Cambridge	UK	Homestay	Superior single half-board	Single	Private	HB	322	0	0	18	0	0			0						
Studio Cambridge	Cambridge	UK	Residence	Residential - CB1	Single	Private	SC	400	0	100	18	0	0			0						
