Anglo Continental	Bournemouth	UK	General English	G.20	15	20	A1	16	0	0			15	01/01/2026	31/12/2026	1	390.00	3	300.00	20	269.00	21	260.00					
Anglo Continental	Bournemouth	UK	Intensive English	G.30	22.5	30	A1	16	0	0			15	01/01/2026	31/12/2026	1	510.00	3	420.00	20	369.00	21	360.00					
Anglo Continental	Bournemouth	UK	IELTS Exam Preparation	X.30	22.5	30	A2	16	0	0			15	01/01/2026	31/12/2026	1	530.00	3	475.00	8	447.50	12	438.33	13	420.00			
Anglo Continental	Bournemouth	UK	Academic English	A.30	22.5	30	A1	16	0	0						1	393.75	21	375.00									
ATLAS Language School	Dublin	IE	General English	GE20	16	20	A1	16	40	75						1	300.00	9	270.00	17	240.00							
ATLAS Language School	Dublin	IE	Intensive English	GE26	23	30	A1	16	40	75						1	365.00	9	335.00	17	305.00							
ATLAS Language School	Dublin	IE	IELTS Exam Preparation	GE20 + IELTS Exam Prep	16	20	A2	16	40	75						1	325.00	9	290.00	17	260.00							
ATLAS Language School	Liverpool	UK	General English	General English Fluency GE20	15	20	A1	16	40	50						1	200.00	9	190.00	17	180.00							
ATLAS Language School	Liverpool	UK	Intensive English	General English Fluency + Conversation GE26	21	30	A1	16	40	50						1	265.00	9	255.00	17	275.00							
ATLAS Language School	Liverpool	UK	IELTS Exam Preparation	GE20 + IELTS Exam Prep	21	30	A2	16	40	50						1	265.00	9	255.00	17	275.00							
ATLAS Language School	Malta	MT	General English	General English Fluency GE20	15	20	A1	16	40	75						1	200.00	9	180.00	17	160.00							
ATLAS Language School	Malta	MT	Intensive English	General English Fluency + Conversation GE26	23	30	A1	16	40	75						1	260.00	9	240.00	17	220.00							
ATLAS Language School	Malta	MT	IELTS Exam Preparation	GE20 + IELTS Exam Prep	23	30	A2	16	40	75						1	260.00	9	240.00	17	220.00							
Bright School of English	Bournemouth 	UK	General English	General English 15 hours	15		A1 	16	0	0			20	07/11/2026	31/12/2026	1	275.00	13	270.00	24	260.00							
Bright School of English	Bournemouth 	UK	Intensive English	General English 20 hours	20		A1 	16	0	0			20	16/09/2025	01/05/2026	1	345.00	13	340.00	24	330.00							
Bright School of English	Bournemouth 	UK	IELTS Exam Preparation	General English + IELTS	20		B2	16	0	0			20	16/09/2025	01/05/2026	1	380.00	13	370.00	24	360.00							
Central Language School	Cambridge	UK	General English	General English	15	20	A1	16								1	230.00											
Central Language School	Cambridge	UK	Intensive English	Intensive English	21	25	A1	16								1	295.00											
Eurospeak Language School 	Southampton 	UK	General English	General English Course	15	20	A1	16	40	60						1	150.00	4	140.00	11	130.00							
Eurospeak Language School 	Southampton 	UK	Semi-Intensive English	General English Course	19	20	A1	16	40	60						1	190.00	4	178.00	11	165.00							
Eurospeak Language School 	Southampton 	UK	Intensive English	General English Course	21	20	A1	16	40	60						1	210.00	4	196.00	11	182.00							
Eurospeak Language School 	Southampton 	UK	Super-Intensive English	General English Course	23	20	A1	16	40	60						1	229.00	4	213.00	11	198.00							
Eurospeak Language School 	Southampton 	UK	Super-Intensive English	General English Course	25	20	A1	16	40	60						1	250.00	4	233.00	11	217.00							
Eurospeak Language School 	Southampton 	UK	IELTS Exam Preparation	IELTS Preparation	15	20	B1	16	40	60						1	150.00	4	140.00	11	130.00							
Eurospeak Language School 	Southampton 	UK	IELTS Exam Preparation	IELTS Preparation	19	20	B1	16	40	60						1	190.00	4	178.00	11	165.00							
Eurospeak Language School 	Southampton 	UK	IELTS Exam Preparation	IELTS Preparation	21	20	B1	16	40	60						1	210.00	4	196.00	11	182.00							
Eurospeak Language School 	Southampton 	UK	IELTS Exam Preparation	IELTS Preparation	23	20	B1	16	40	60						1	229.00	4	213.00	11	198.00							
Eurospeak Language School 	Southampton 	UK	IELTS Exam Preparation	IELTS Preparation	25	20	B1	16	40	60						1	250.00	4	233.00	11	217.00							
Eurospeak Language School	Reading	UK	General English	General English Course	15	20	A1	16	40	60						1	150.00	4	140.00	11	130.00							
Eurospeak Language School 	Reading	UK	Semi-Intensive English	General English Course	19	20	A1	16	40	60						1	190.00	4	178.00	11	165.00							
Eurospeak Language School 	Reading	UK	Intensive English	General English Course	21	20	A1	16	40	60						1	210.00	4	196.00	11	182.00							
Eurospeak Language School 	Reading	UK	Super-Intensive English	General English Course	23	20	A1	16	40	60						1	229.00	4	213.00	11	198.00							
Eurospeak Language School 	Reading	UK	Super-Intensive English	General English Course	25	20	A1	16	40	60						1	250.00	4	233.00	11	217.00							
Eurospeak Language School 	Reading	UK	IELTS Exam Preparation	IELTS Preparation	15	20	B1	16	40	60						1	150.00	4	140.00	11	130.00							
Eurospeak Language School 	Reading	UK	IELTS Exam Preparation	IELTS Preparation	19	20	B1	16	40	60						1	190.00	4	178.00	11	165.00							
Eurospeak Language School 	Reading	UK	IELTS Exam Preparation	IELTS Preparation	21	20	B1	16	40	60						1	210.00	4	196.00	11	182.00							
Eurospeak Language School 	Reading	UK	IELTS Exam Preparation	IELTS Preparation	23	20	B1	16	40	60						1	229.00	4	213.00	11	198.00							
Eurospeak Language School 	Reading	UK	IELTS Exam Preparation	IELTS Preparation	25	20	B1	16	40	60						1	250.00	4	233.00	11	217.00							
Lewis School of English	Southampton	UK	General English	General English	15		A1	16	0	65						1	160.00	8	150.00	14	140.00	21	130.00					
Lewis School of English	Southampton	UK	Intensive English	General English Plus	22.5		A1	16	0	65						1	240.00	8	225.00	14	210.00	21	195.00					
Stafford House	Cambridge	UK	General English	General English 	15	20	A1	16		80						1	345.00	4	325.00	12	305.00	24	265.00					
Stafford House	Cambridge	UK	Intensive English	General English Intensive	19	25	A1	16		80						1	400.00	4	385.00	12	345.00	24	300.00					
Stafford House	Cambridge	UK	Super-Intensive English	General English Super Intensive	23	30	A1	16		80						1	430.00	4	415.00	12	370.00	24	315.00					
Stafford House	Cambridge	UK	IELTS Exam Preparation	IELTS Intensive 	19	25	B1	16		80						1	400.00	4	385.00	12	345.00	24	300.00					
Stafford House	Cambridge	UK	IELTS Exam Preparation	IELTS Super Intensive 	23	30	B1	16		80						1	430.00	4	415.00	12	370.00	24	315.00					
Stafford House	Canterbury	UK	General English	General English 	15	20	A1	16		80						1	345.00	4	325.00	12	290.00	24	250.00					
Stafford House	Canterbury	UK	Super-Intensive English	General English Intensive	19	25	A1	16		80						1	375.00	4	355.00	12	320.00	24	280.00					
Stafford House	Canterbury	UK	Intensive English	General English Super Intensive	23	30	A1	16		80						1	400.00	4	380.00	12	345.00	24	305.00					
Stafford House	Canterbury	UK	IELTS Exam Preparation	IELTS Intensive 	19	25	B1	16		80						1	375.00	4	355.00	12	320.00	24	280.00					
Stafford House	Canterbury	UK	IELTS Exam Preparation	IELTS Super Intensive 	23	30	B1	16		80						1	400.00	4	380.00	12	345.00	24	305.00					
Stafford House	London	UK	General English	General English 	15	20	A1	16		80						1	375.00	4	365.00	12	340.00	24	290.00					
Stafford House	London	UK	Intensive English	General English Intensive	19	25	A1	16		80						1	445.00	4	430.00	12	385.00	24	325.00					
Stafford House	London	UK	Super-Intensive English	General English Super Intensive	23	30	A1	16		80						1	470.00	4	460.00	12	415.00	24	335.00					
Stafford House	London	UK	IELTS Exam Preparation	IELTS Intensive 	19	25	B1	16		80						1	445.00	4	430.00	12	385.00	24	325.00					
Stafford House	London	UK	IELTS Exam Preparation	IELTS Super Intensive 	23	30	B1	16		80						1	470.00	4	460.00	12	415.00	24	335.00					
LSI	London	UK	General English	General 20	15	20	A1	16	0	95						1	365	4	355	12	345	24	310					
LSI	London	UK	Semi-Intensive English	Intensive 24	18	24	A1	16	0	95						1	415	4	400	12	380	24	350					
LSI	London	UK	Intensive English	Intensive 30	22.5	30	A1	16	0	95						1	480	4	435	12	410	24	370					
LSI	London	UK	IELTS Exam Preparation	IELTS 20	15	20	B1	16	0	95						1	365	4	355	12	355							
LSI	London	UK	IELTS Exam Preparation	IELTS 30	22.5	30	B1	16	0	95						1	480	4	435	12	410	24	370					
LSI	London	UK	TOEFL Exam Preparation	TOEFL 30	22.5	30	B1	16	0	95						1	480	4	435	12	410	24	370					
LSI	London	UK	Academic English	Academic English 30	22.5	30	B1	16	0	95						12	410	24	370									
LSI	Brighton	UK	General English	General 20	15	20	A1	16	0	95						1	365	4	355	12	345	24	310					
LSI	Brighton	UK	Semi-Intensive English	Intensive 24	18	24	A1	16	0	95						1	415	4	400	12	380	24	350					
LSI	Brighton	UK	Intensive English	Intensive 30	22.5	30	A1	16	0	95						1	480	4	435	12	410	24	370					
LSI	Brighton	UK	IELTS Exam Preparation	IELTS 30	22.5	30	B1	16	0	95						1	480	4	435	12	410	24	370					
LSI	Brighton	UK	TOEFL Exam Preparation	TOEFL 30	22.5	30	B1	16	0	95						1	480	4	435	12	410	24	370					
LSI	Brighton	UK	Academic English	Academic English 30	22.5	30	B1	16	0	95						12	410	24	370									
LSI	Cambridge	UK	General English	General 20	15	20	A1	16	0	95						1	365	4	355	12	345	24	310					
LSI	Cambridge	UK	Semi-Intensive English	Intensive 24	18	24	A1	16	0	95						1	415	4	400	12	380	24	350					
LSI	Cambridge	UK	Intensive English	Intensive 30	22.5	30	A1	16	0	95						1	480	4	435	12	410	24	370					
LSI	Cambridge	UK	IELTS Exam Preparation	IELTS 30	22.5	30	B1	16	0	95						1	480	4	435	12	410	24	370					
LSI	Cambridge	UK	TOEFL Exam Preparation	TOEFL 30	22.5	30	B1	16	0	95						1	480	4	435	12	410	24	370					
LSI	Cambridge	UK	Academic English	Academic English 30	22.5	30	B1	16	0	95						12	410	24	370									
LSI	New York	US	General English	General 20	16.7	20	A1	16	0	185						1	525.00	4	505.00	12	485.00	24	445.00					
LSI	New York	US	TOEFL Exam Preparation	TOEFL 20	16.7	20	B1	16	0	185						1	525.00	4	505.00	12								
LSI	New York	US	Semi-Intensive English	Intensive 25	20.8	25	A1	16	0	185						1	605.00	4	575.00	12	545.00	24	505.00					
LSI	New York	US	Intensive English	Intensive 30	25	30	A1	16	0	185						1	660.00	4	625.00	12	595.00	24	545.00					
LSI	New York	US	Academic English	Academic English 30	25	30	B1	16	0	185						12	595.00	24	545.00									
LSI	New York	US	IELTS Exam Preparation	IELTS 30	25	30	B1	16	0	185						1	660.00	4	625.00	12	595.00	24	545.00					
LSI	New York	US	TOEFL Exam Preparation	Academic English 30	25	30	B2	16	0	185						1	660.00	4	625.00	12	595.00	24	545.00					
LSI	Boston	US	General English	General 20	16.7	20	A1	16	0	185						1	495.00	4	475.00	12	445.00	24	410.00					
LSI	Boston	US	Semi-Intensive English	Intensive 25	20.8	25	A1	16	0	185						1	565.00	4	535.00	12	505.00	24	470.00					
LSI	Boston	US	Intensive English	Intensive 30	25	30	A1	16	0	185						1	630.00	4	600.00	12	565.00	24	515.00					
LSI	Boston	US	Academic English	Academic English 30	25	30	B1	16	0	185						12	565.00	24	515.00									
LSI	Boston	US	IELTS Exam Preparation	IELTS 30	25	30	B1	16	0	185						1	630.00	4	600.00	12	565.00	24	515.00					
LSI	Boston	US	TOEFL Exam Preparation	TOEFL 30	25	30	B2	16	0	185						1	630.00	4	600.00	12	565.00	24	515.00					
LSI	San Diego	US	General English	General 20	16.7	20	A1	16	0	185						1	495.00	4	475.00	12	445.00	24	410.00					
LSI	San Diego	US	Semi-Intensive English	Intensive 25	20.8	25	A1	16	0	185						1	565.00	4	535.00	12	505.00	24	470.00					
LSI	San Diego	US	Intensive English	Intensive 30	25	30	A1	16	0	185						1	630.00	4	600.00	12	565.00	24	515.00					
LSI	San Diego	US	Academic English	Academic English 30	25	30	B1	16	0	185						12	565.00	24	515.00									
LSI	San Diego	US	IELTS Exam Preparation	IELTS 30	25	30	B1	16	0	185						1	630.00	4	600.00	12	565.00	24	515.00					
LSI	San Diego	US	TOEFL Exam Preparation	TOEFL 30	25	30	B2	16	0	185						1	630.00	4	600.00	12	565.00	24	515.00					
LSI	Berkeley	US	General English	General 20	16.7	20	A1	16	0	185						1	495.00	4	475.00	12	445.00	24	410.00					
LSI	Berkeley	US	TOEFL Exam Preparation	TOEFL 20	16.7	20	B1	16	0	185						1	565.00	4	535.00	12	505.00	24	470.00					
LSI	Berkeley	US	Intensive English	Intensive 30	25	30	A1	16	0	185						1	630.00	4	600.00	12	565.00	24	515.00					
LSI	Berkeley	US	Academic English	Academic English 30	25	30	B1	16	0	185						12	565.00	24	515.00									
LSI	Berkeley	US	IELTS Exam Preparation	IELTS 30	25	30	B1	16	0	185						1	630.00	4	600.00	12	565.00	24	515.00					
LSI	Berkeley	US	TOEFL Exam Preparation	TOEFL 30	25	30	B2	16	0	185						1	630.00	4	600.00	12	565.00	24	515.00					
LSI	Toronto	CA	General English	General 20	16.7	20	A1	16	0	175						1	435.00	4	420.00	12	410.00	24	390.00					
LSI	Toronto	CA	TOEFL Exam Preparation	TOEFL 20	16.7	20	B1	16	0	175						1	435.00	4	420.00	12	420.00							
LSI	Toronto	CA	IELTS Exam Preparation	IELTS 20	16.7	20	B1	16	0	175						1	435.00	4	420.00	12	420.00							
LSI	Toronto	CA	Semi-Intensive English	Intensive 25	20.8	25	A1	16	0	175						1	480.00	4	470.00	12	460.00	24	430.00					
LSI	Toronto	CA	Intensive English	Intensive 30	25	30	A1	16	0	175						1	520.00	4	510.00	12	500.00	24	470.00					
LSI	Toronto	CA	Academic English	Academic English 30	25	30	B1	16	0	175						12	500.00	24	470.00									
LSI	Toronto	CA	IELTS Exam Preparation	IELTS 30	25	30	B1	16	0	175						1	520.00	4	510.00	12	500.00	24	470.00					
LSI	Toronto	CA	TOEFL Exam Preparation	TOEFL 30	25	30	B2	16	0	175						1	520.00	4	510.00	12	500.00	24	470.00					
LSI	Vancouver	CA	General English	General 20	16.7	20	A1	16	0	175						1	435.00	4	420.00	12	410.00	24	390.00					
LSI	Vancouver	CA	TOEFL Exam Preparation	TOEFL 20	16.7	20	B1	16	0	175						1	435.00	4	420.00	12								
LSI	Vancouver	CA	IELTS Exam Preparation	IELTS 20	16.7	20	B1	16	0	175						1	435.00	4	420.00	12								
LSI	Vancouver	CA	Semi-Intensive English	Intensive 25	20.8	25	A1	16	0	175						1	480.00	4	470.00	12	460.00	24	430.00					
LSI	Vancouver	CA	Intensive English	Intensive 30	25	30	A1	16	0	175						1	520.00	4	510.00	12	500.00	24	470.00					
LSI	Vancouver	CA	Academic English	Academic English 30	25	30	B1	16	0	175						12	500.00	24	470.00	12	500.00	24	470.00					
LSI	Vancouver	CA	IELTS Exam Preparation	IELTS 30	25	30	B1	16	0	175						1	520.00	4	510.00	12	500.00	24	470.00					
LSI	Vancouver	CA	TOEFL Exam Preparation	TOEFL 30	25	30	B2	16	0	175						1	520.00	4	510.00	12	500.00	24	470.00					
LSI	Auckland	NZ	General English	General 20	16.7	20	A1	16	20	230						1	475	4	470	12	465	24	0					
LSI	Auckland	NZ	IELTS Exam Preparation	IELTS 20	16.7	20	A1	16	20	230						1	475	4	470	12	465	24	0					
LSI	Auckland	NZ	Semi-Intensive English	Intensive 24	20	24	A1	16	20	230						1	535	4	525	12	520	24	510					
LSI	Auckland	NZ	Intensive English	Intensive 30	25	30	A1	16	20	230						1	600	4	595	12	590	24	575					
LSI	Auckland	NZ	Academic English	Academic English 30	25	30	B1	16	20	230						12	590	24	575									
LSI	Auckland	NZ	IELTS Exam Preparation	IELTS 30 	25	30	B1	16	20	230						1	600	4	595	12	590	24	575					
LSI	Auckland	NZ	TOEFL Exam Preparation	TOEFL 30	25	30	B1	16	20	230						1	600	4	595	12	590	24	575					
LSI	Brisbane	AU	General English	General 20	16.7	20	A1	16	15	275						1	460	4	445	12	435	24	410					
LSI	Brisbane	AU	Semi-Intensive English	Intensive 24	20	24	A1	16	15	275						1	535	4	520	12	510	24	485					
LSI	Brisbane	AU	Intensive English	Intensive 30	25	30	A1	16	15	275						1	590	4	575	12	565	24	525					
LSI	Brisbane	AU	IELTS Exam Preparation	IELTS 30 	25	30	B1	16	15	275						1	590	4	575	12	565	24	525					
LSI	Paris	FR	General English	General 20	16.7	20	A1	16	10	115						1	445	4	400	12	380	24	355					
LSI	Paris	FR	Semi-Intensive English	Intensive 24	20	24	A1	16	10	115						1	500	4	465	12	435	24	405					
LSI	Paris	FR	Intensive English	Intensive 30	25	30	A1	16	10	115						1	565	4	515	12	490	24	465					
LSI	Zurich	CH	General English	General 20	16.7	20	A1	16	15	135						1	525	4	485	12	465	24	410					
LSI	Zurich	CH	Intensive English	Intensive 30	25	30	A1	16	15	135						1	695	4	655	12	630	24	580					
Future Learning Language School	Dublin	IE	General English	ENGLISH AND 21ST CENTURY COMMUNICATION SKILLS	15	20	A1	18	80	75	Learner Protection	40				1	230.00	3	220.00	13	210.00	19	200.00	25	190.00			
Future Learning Language School	Dublin	IE	General English Afternoon	ENGLISH AND 21ST CENTURY COMMUNICATION SKILLS	15	20	A1	18	80	75	Learner Protection	40				1	200.00	3	190.00	13	180.00	19	170.00	25	160.00			
Future Learning Language School	Athlone	IE	General English	ENGLISH AND 21ST CENTURY COMMUNICATION SKILLS	15	20	A1	18	80	75	Learner Protection	40				1	190.00	3	180.00	13	170.00	19	160.00	25	150.00			
Future Learning Language School	Athlone	IE	General English Afternoon	ENGLISH AND 21ST CENTURY COMMUNICATION SKILLS	15	20	A1	18	80	75	Learner Protection	40				1	150.00	3	140.00	13	130.00	19	120.00	25	110.00			
NCG New College Group	Manchester	UK	General English	General English	15	20	A1	16	70	75			30	01/01/2026	31/12/2026	1	285.00	8	270.00	16	255.00	24	240.00	36	225.00			
NCG New College Group	Manchester	UK	Intensive English	Intensive English	21	30	A1	16	70	75			30	01/01/2026	31/12/2026	1	340.00	8	325.00	16	310.00	24	295.00	36	280.00			
NCG New College Group	Manchester	UK	Super-Intensive English	Super-Intensive English	25	35	A1	16	70	75			30	01/01/2026	31/12/2026	1	370.00	8	355.00	16	340.00	24	325.00	36	310.00			
NCG New College Group	Manchester	UK	IELTS Exam Preparation	IELTS Exam Preparation	15	20	B1	16	70	75			30	01/01/2026	31/12/2026	1	285.00	8	270.00	16	255.00	24	240.00	36	225.00			
NCG New College Group	Liverpool	UK	General English	General English	15	20	A1	16	70	75			30	01/01/2026	31/12/2026	1	285.00	8	270.00	16	255.00	24	240.00	36	225.00			
NCG New College Group	Liverpool	UK	Intensive English	Intensive English	21	30	A1	16	70	75			30	01/01/2026	31/12/2026	1	340.00	8	325.00	16	310.00	24	295.00	36	280.00			
NCG New College Group	Liverpool	UK	Super-Intensive English	Super-Intensive English	25	35	A1	16	70	75			30	01/01/2026	31/12/2026	1	370.00	8	355.00	16	340.00	24	325.00	36	310.00			
NCG New College Group	Liverpool	UK	IELTS Exam Preparation	IELTS Exam Preparation	15	20	B1	16	70	75			30	01/01/2026	31/12/2026	1	285.00	8	270.00	16	255.00	24	240.00	36	225.00			
Inlingua 	Cheltenham	UK	General English	General English GE	15	20	A1	16	0	60						1	350.00	5	330.00	9	310.00	13	280.00	25	250.00			
Inlingua 	Cheltenham	UK	Intensive English	Intensive English GE 30	22.5	30	A1	16	0	60						1	425.00	5	390.00	9	365.00	13	335.00	25	300.00			
Kings Hall College	Manchester	UK	General English	General English	15	20	A1	16	0	110						1	270.00	9	260.00	17	250.00	25	240.00					
Kings Hall College	Manchester	UK	Intensive English	General English	20	30	A1	16	0	110						1	320.00	9	310.00	17	300.00	25	290.00					
Kings Hall College	Manchester	UK	Super-Intensive English	General English	25	35	A1	16	0	110						1	360.00	9	350.00	17	340.00	25	330.00					
Kings Hall College	Manchester	UK	IELTS Exam Preparation	IELTS Exam Preparation	15	20	B1	18	0	110						1	270.00	9	260.00	17	250.00	25	240.00					
Bayswater	London	UK	General English	Standard	15	20	A1	16	0	95						1	382.00	12	342.00	24	297.00							
Bayswater	London	UK	Semi-Intensive English	Intensive English	18.75	25	A1	16	0	95						1	427.00	12	382.00	24	327.00							
Bayswater	London	UK	Intensive English	Super Intensive 	22.5	30	A1	16	0	95						1	472.00	12	427.00	24	377.00							
Bayswater	London	UK	IELTS Exam Preparation	IELTS Exam Preparation	15	20	B1	16	0	95						1	382.00	12	342.00	24	297.00							
Bayswater	Liverpool	UK	General English	Standard	15	20	A1	16	0	95						1	292.00	12	257.00	24	237.00							
Bayswater	Liverpool	UK	Semi-Intensive English	Intensive	18.75	25	A1	16	0	95						1	322.00	12	292.00	24	262.00							
Bayswater	Liverpool	UK	Intensive English	Super Intensive	22.5	30	A1	16	0	95						1	362.00	12	347.00	24	307.00							
Bayswater	Liverpool	UK	IELTS Exam Preparation	IELTS Preparation	15	20	B1	16	0	95						1	292.00	12	257.00	24	237.00							
Bayswater	Brighton	UK	General English	Standard	15	20	A1	16	0	95						1	347.00	12	307.00	24	272.00							
Bayswater	Brighton	UK	Semi-Intensive English	Intensive	18.75	25	A1	16	0	95						1	392.00	12	347.00	24	307.00							
Bayswater	Brighton	UK	Intensive English	Super Intensive	22.5	30	A1	16	0	95						1	452.00	12	402.00	24	352.00							
Bayswater	Brighton	UK	IELTS Exam Preparation	IELTS Preparation	15	20	B1	16	0	95						1	352.00	12	307.00	24	272.00							
Bayswater	Bournemouth	UK	General English	Standard	15	20	A1	16	0	95						1	292.00	12	257.00	24	237.00							
Bayswater	Bournemouth	UK	Semi-Intensive English	Intensive	18.75	25	A1	16	0	95						1	322.00	12	292.00	24	262.00							
Bayswater	Bournemouth	UK	Intensive English	Super Intensive	22.5	30	A1	16	0	95						1	362.00	12	347.00	24	307.00							
Bayswater	Bournemouth	UK	IELTS Exam Preparation	IELTS Preparation	15	20	B1	16	0	95						1	292.00	12	257.00	24	237.00							
Bayswater	Leeds	UK	General English	Standard	15	20	A1	16	0	95						1	292.00	12	257.00	24	237.00							
Bayswater	Leeds	UK	Semi-Intensive English	Intensive	18.75	25	A1	16	0	95						1	322.00	12	292.00	24	262.00							
Bayswater	Leeds	UK	Intensive English	Super Intensive	22.5	30	A1	16	0	95						1	362.00	12	347.00	24	307.00							
Bayswater	Leeds	UK	IELTS Exam Preparation	IELTS Preparation	15	20	B1	16	0	95						1	292.00	12	257.00	24	237.00							
Bayswater	Vancouver	CA	General English	Standard	15	20	A1	16	0	190						1	400.00	12	375.00	24	335.00							
Bayswater	Vancouver	CA	Semi-Intensive English	Intensive	18.75	25	A1	16	0	190						1	450.00	12	435.00	24	400.00							
Bayswater	Vancouver	CA	Intensive English	Super Intensive	22.5	30	A1	16	0	190						1	495.00	12	480.00	24	440.00							
Bayswater	Toronto	CA	General English	Standard	15	20	A1	16	0	190						1	400.00	12	375.00	24	335.00							
Bayswater	Toronto	CA	Semi-Intensive English	Intensive	18.75	25	A1	16	0	190						1	450.00	12	435.00	24	400.00							
Bayswater	Toronto	CA	Intensive English	Super Intensive	22.5	30	A1	16	0	190						1	495.00	12	480.00	24	440.00							
Bayswater	Toronto	CA	IELTS Exam Preparation	IELTS Preparation	15	20	B1	16	0	190						1	400.00	12	375.00	24	335.00							
Bayswater	Calgary	CA	General English	Standard	15	20	A1	16	0	190						1	400.00	12	375.00	24	335.00							
Bayswater	Calgary	CA	Semi-Intensive English	Intensive	18.75	25	A1	16	0	190						1	450.00	12	435.00	24	400.00							
Bayswater	Calgary	CA	Intensive English	Super Intensive	22.5	30	A1	16	0	190						1	495.00	12	480.00	24	440.00							
Bayswater	Calgary	CA	IELTS Exam Preparation	IELTS Preparation	15	20	B1	16	0	190						1	400.00	12	375.00	24	335.00							
Bayswater	Pairs	FR	General English	Standard	15	20	A1	16	0	95						1	360.00	12	315.00	24	265.00							
Bayswater	Pairs	FR	Semi-Intensive English	Intensive	18.75	25	A1	16	0	95						1	410.00	12	360.00	24	315.00							
Bayswater	Cape Town	ZA	General English	Standard	15	20	A1	16	0	75						1	285.00	12	240.00	24	215.00							
Bayswater	Cape Town	ZA	Semi-Intensive English	Intensive	18.75	25	A1	16	0	75						1	340.00	12	295.00	24	260.00							
Bayswater	Cape Town	ZA	Intensive English	Super Intensive	22.5	30	A1	16	0	75						1	380.00	12	340.00	24	295.00							
Bayswater	Cape Town	ZA	IELTS Exam Preparation	IELTS Preparation	15	20	B1	16	0	75						1	285.00	12	240.00	24	215.00							
Bayswater	Cape Town	ZA	IELTS Exam Preparation	IELTS Preparation	18.75	25	B1	16	0	75						1	380.00	12	340.00	24	295.00							
Bayswater	Limassol	CY	General English	Standard	15	20	A1	16	0	75						1	275.00	12	230.00	24	195.00							
Bayswater	Limassol	CY	Semi-Intensive English	Intensive	18.75	25	A1	16	0	75						1	330.00	12	265.00	24	225.00							
Bayswater	Limassol	CY	IELTS Exam Preparation	IELTS Preparation	15	20	B1	16	0	75						1	275.00	12	230.00	24	195.00							
Bayswater	Limassol	CY	IELTS Exam Preparation	IELTS Preparation	18.75	25	B1	16	0	75						1	330.00	12	265.00	24	225.00							
Southbourne School of English	Bournemouth	UK	General English	General English	15	15	A1	15	0	120						1	310.00	12	280.00	24	245.00	40	235.00					
Southbourne School of English	Bournemouth	UK	Intensive English	Intensive English	21	21	A1	15	0	120						1	355.00	12	325.00	24	290.00	40	280.00					
The Essential English Centre	Manchester 	UK	General English	General English	15	20	A1	16	45	50						1	285.00	12	275.00	24	265.00							
The Essential English Centre	Manchester 	UK	Intensive English	General English	22.5	30	A1	16	60	50						1	385.00	12	375.00	24	365.00							
The Essential English Centre	Manchester 	UK	IELTS Exam Preparation	General English + IELTS Preparation	22.5	30	A2	16	60	50						1	415.00	12	405.00	24	395.00							
The Essential English Centre	Manchester 	UK	Academic English	Academic Year Programme	22.5	30	B1	16	60	50						24	395.00											
Suzanne Sparrow Plymouth Language School	Plymouth	UK	General English	General English	23	23	A1	16	0	0						1	390.00	4	370.50	8	360.75	12	351.00	24	331.50			
Suzanne Sparrow Plymouth Language School	Plymouth	UK	IELTS Exam Preparation	IELTS	23	23	B1	16	0	0						1	390.00	4	370.50	8	360.75	12	351.00	24	331.50			
Studio Cambridge	Cambridge	UK	General English	EFL-20 Standered English Course	15	20	A1	16	0	185						1	345.00	5	325.00	13	300.00	20	270.00	30	245.00			
Studio Cambridge	Cambridge	UK	General English	EFL-20 Standered English Course	15	20	A1	18	0	95						1	345.00	5	325.00	13	300.00	20	270.00	30	245.00			
Studio Cambridge	Cambridge	UK	General English	EFL-28 Intensive English	21	28	A1	16	0	185						1	395.00	5	375.00	13	345.00	20	270.00	30	245.00			
Studio Cambridge	Cambridge	UK	General English	EFL-28 Intensive English	21	28	A1	18	0	95						1	395.00	5	375.00	13	345.00	20	270.00	30	245.00
